,erythema,scaling,definite borders,itching,koebner phenomenon,polygonal papules,follicular papules,oral mucosal involvement,knee and elbow involvement,scalp involvement,family history,melanin incontinence,eosinophils in the infiltrate,PNL infiltrate,fibrosis of the papillary dermis,exocytosis,acanthosis,hyperkeratosis,parakeratosis,clubbing of the rete ridges,elongation of the rete ridges,thinning of the suprapapillary epidermis,spongiform pustule,munro microabcess,focal hypergranulosis,disappearance of the granular layer,vacuolisation and damage of basal layer,spongiosis,saw-tooth appearance of retes,follicular horn plug,perifollicular parakeratosis,inflammatory monoluclear inflitrate,band-like infiltrate,age,target
0,3,3,1,4,1,1,1,1,2,1,2,1,1,1,1,4,3,1,1,1,1,1,1,1,1,1,1,4,1,1,1,2,1,3,2
1,4,4,4,3,2,1,1,1,2,2,1,1,1,2,1,2,3,1,3,3,3,3,3,2,1,1,1,1,1,1,1,2,1,1,1
2,3,2,3,4,2,4,1,4,1,1,2,2,1,1,1,2,3,1,3,1,1,1,1,1,3,1,3,4,3,1,1,3,4,2,3
3,3,3,3,1,1,1,1,1,4,3,2,1,1,4,1,1,3,1,4,3,3,3,3,1,1,4,1,1,1,1,1,4,1,2,1
4,3,4,3,3,3,3,1,3,1,1,2,2,1,1,1,2,3,1,1,1,1,1,1,1,3,3,4,3,4,1,1,3,4,3,3
5,3,4,3,1,1,1,1,1,1,1,2,1,3,2,1,3,3,1,3,1,1,1,2,1,1,1,1,3,1,1,1,2,1,3,2
6,3,2,1,3,1,1,1,1,1,1,2,1,1,1,4,2,4,1,1,1,3,1,1,1,1,1,1,1,1,1,1,3,1,1,5
7,3,3,4,4,4,4,1,3,1,1,2,3,1,1,1,3,4,1,1,1,1,1,1,1,1,3,3,4,3,1,1,4,4,3,3
8,3,3,2,1,3,1,1,1,1,1,2,1,1,1,1,3,2,1,2,1,1,1,1,1,1,1,1,3,1,1,1,3,1,2,4
9,3,3,2,1,2,1,1,1,1,1,2,1,1,1,1,4,3,1,3,1,1,1,1,1,1,1,1,3,1,1,1,3,1,2,4
10,4,4,3,2,2,1,1,1,3,3,1,1,1,1,1,1,4,3,4,3,3,3,2,2,1,1,1,1,1,1,1,2,1,1,1
11,3,3,1,4,1,1,1,1,1,1,2,1,1,3,1,3,3,1,1,1,1,1,2,1,1,1,1,4,1,1,1,2,1,2,2
12,4,4,2,3,1,1,1,1,1,2,2,1,1,3,1,4,2,1,2,1,1,1,1,1,1,1,1,3,1,1,1,2,1,2,2
13,3,4,4,1,1,1,1,1,2,2,1,1,1,2,1,1,3,2,3,2,3,4,1,3,1,1,1,1,1,1,1,3,1,1,1
14,3,3,4,4,1,4,1,3,1,1,2,3,1,1,1,2,2,2,2,1,1,1,1,1,3,1,4,1,4,1,1,2,4,4,3
15,2,2,1,2,4,1,1,1,1,1,2,1,1,1,1,2,2,1,2,1,1,1,1,1,1,1,1,3,1,1,1,3,1,2,4
16,3,3,2,4,1,1,1,1,1,1,2,1,1,3,1,3,2,1,2,1,1,1,1,1,1,1,1,1,1,1,1,2,1,2,2
17,4,4,4,1,1,1,1,1,4,4,1,1,1,3,1,1,3,1,3,4,4,4,3,4,1,4,1,1,1,1,1,3,1,2,1
18,3,2,4,4,4,4,1,1,3,1,2,4,1,1,1,4,3,1,2,1,1,1,1,1,4,1,3,1,4,1,1,3,4,2,3
19,2,2,1,4,1,1,1,1,1,1,2,1,1,1,4,1,4,3,3,1,4,1,1,1,1,1,1,2,1,1,1,3,1,1,5
20,3,2,2,3,1,1,4,1,2,3,2,1,1,2,1,1,2,3,3,1,2,1,2,1,1,1,1,1,1,2,3,2,1,1,6
21,4,3,3,1,1,1,1,1,1,1,2,1,1,3,1,3,3,2,3,1,3,2,3,1,1,1,1,4,1,1,1,3,1,3,2
22,3,3,1,3,1,1,1,1,1,1,2,1,1,1,2,2,4,2,3,1,3,2,1,1,1,1,1,2,1,2,1,3,1,3,5
23,3,3,3,4,3,3,1,3,1,1,2,4,3,1,1,1,3,2,2,1,1,1,1,1,4,1,4,1,3,1,1,3,4,3,3
24,3,1,1,4,1,1,1,1,1,1,2,1,1,1,3,3,3,1,1,1,4,1,1,1,1,1,1,1,1,1,1,3,1,2,5
25,3,2,2,1,2,1,1,1,3,1,2,1,1,1,1,1,3,3,3,3,3,3,2,3,1,3,1,1,1,1,1,3,1,2,1
26,2,2,1,2,1,1,4,1,2,1,2,1,1,2,1,1,2,2,2,1,1,1,1,1,2,1,1,2,1,3,3,2,1,1,6
27,2,3,3,4,1,1,1,1,1,1,2,1,1,1,2,2,3,2,2,1,4,1,1,1,1,1,1,2,1,1,1,4,1,1,5
28,4,3,3,3,1,1,1,1,1,1,2,1,1,3,1,4,4,4,3,1,1,1,1,1,1,1,1,3,1,2,2,3,1,3,2
29,2,2,3,4,3,3,1,4,1,1,2,3,1,1,1,3,3,2,3,1,1,1,1,1,4,1,4,1,4,2,1,3,4,3,3
30,4,3,2,3,1,1,1,1,2,3,2,1,1,2,1,1,3,1,4,3,3,3,2,3,1,3,1,1,1,1,1,2,1,3,1
31,4,3,1,3,1,1,1,1,1,1,2,1,2,3,1,3,2,2,2,1,1,1,2,1,1,1,1,1,1,1,1,2,1,1,2
32,3,4,4,4,4,1,1,1,4,4,2,1,1,1,1,1,4,3,3,4,4,4,2,4,1,1,1,1,1,1,1,2,1,2,1
33,3,3,2,1,1,1,1,1,2,1,1,1,1,3,1,1,3,2,3,3,2,3,1,2,1,1,1,1,1,1,1,1,1,3,1
34,3,2,1,1,3,1,1,1,1,1,2,1,1,1,1,3,2,2,2,1,1,1,1,1,1,1,1,1,1,1,1,1,1,3,4
35,3,3,2,3,1,1,1,1,1,1,2,1,1,3,1,2,1,2,1,1,1,1,1,1,1,1,1,1,1,1,1,1,1,3,2
36,3,2,3,4,3,4,1,3,1,1,1,2,1,1,1,3,2,2,3,1,1,1,1,1,2,1,3,1,3,1,1,1,4,3,3
37,3,2,2,2,1,1,1,1,1,1,2,1,1,2,1,4,3,2,1,1,1,1,3,1,1,1,1,3,1,1,1,2,1,1,2
38,3,2,3,4,3,2,1,3,1,1,2,1,1,1,1,3,3,3,2,1,1,1,1,1,3,1,2,1,4,1,1,3,4,2,3
39,4,4,3,1,1,1,1,1,3,3,1,1,1,2,1,1,3,3,4,3,3,2,1,3,1,1,1,1,1,1,1,2,1,3,1
40,2,2,2,1,1,1,2,1,1,1,2,1,2,2,1,3,2,2,2,1,1,1,1,1,1,1,1,4,1,1,1,2,1,3,2
41,2,2,2,1,1,1,1,1,1,1,2,1,1,2,1,2,2,1,2,1,1,1,1,1,1,1,1,3,1,1,1,3,1,4,4
42,4,3,2,2,1,1,1,1,3,2,2,1,1,1,1,1,3,2,2,2,2,2,1,2,1,1,1,1,1,1,1,2,1,1,1
43,3,2,2,1,1,1,1,1,2,1,2,1,1,2,1,2,2,1,2,1,1,1,1,1,1,1,1,3,1,1,1,3,1,2,2
44,1,2,1,4,1,1,1,1,1,1,2,1,1,1,3,1,3,3,1,1,1,1,1,1,1,1,1,1,1,1,1,2,1,2,5
45,3,2,2,2,2,3,1,2,1,1,2,3,1,1,1,4,3,2,2,1,1,1,1,1,3,1,3,1,3,1,1,4,4,3,3
46,3,2,2,4,4,1,1,1,1,1,2,1,1,1,1,3,3,2,2,1,1,1,1,1,1,1,1,2,1,1,1,3,1,3,4
47,3,2,2,2,1,1,3,1,4,3,2,1,1,2,1,2,2,2,2,1,1,1,1,1,1,1,1,1,1,1,2,2,2,1,6
48,2,3,2,2,1,1,1,1,1,2,2,1,1,1,1,3,2,1,2,1,1,1,1,1,1,1,1,3,1,1,1,1,3,3,2
49,3,1,2,1,1,3,1,2,1,1,2,4,1,1,1,3,3,3,3,1,1,1,1,1,2,1,4,1,3,1,1,3,3,3,3
50,4,2,2,3,3,3,1,1,1,1,2,3,1,1,1,3,2,1,2,1,1,1,1,1,2,1,3,1,4,1,1,3,4,2,3
51,2,2,2,1,3,1,1,1,1,1,2,1,1,2,1,2,2,2,2,1,1,1,1,2,1,1,1,1,2,1,1,2,1,2,4
52,3,3,2,1,1,1,1,1,3,3,2,1,1,2,1,1,3,2,2,2,3,3,2,3,1,1,1,1,1,1,1,2,1,3,1
53,4,2,2,2,2,1,1,1,1,2,1,1,1,1,1,1,2,1,3,3,3,4,1,4,1,1,1,1,1,1,1,3,1,3,1
54,1,2,1,3,1,1,1,1,1,1,2,1,1,1,4,2,3,2,1,1,2,1,1,1,1,1,1,1,1,1,1,4,1,3,5
55,3,3,3,1,1,1,1,1,1,2,2,1,1,1,1,2,3,1,3,2,4,3,1,2,1,1,1,1,1,1,1,2,1,1,1
56,2,2,2,3,1,1,1,1,1,1,2,1,2,2,1,4,2,1,1,1,1,1,1,1,1,1,1,3,1,1,1,3,1,2,2
57,3,2,2,4,1,4,1,2,1,1,2,2,1,1,1,3,3,1,2,1,1,1,1,1,2,1,4,1,2,1,1,3,3,2,3
58,2,2,2,1,1,1,1,1,1,1,2,1,1,1,1,2,2,1,2,1,1,1,1,1,1,2,1,2,1,1,1,2,1,2,4
59,4,4,1,4,1,1,1,1,1,1,2,1,2,2,1,4,2,1,1,1,1,1,1,1,1,1,1,4,1,1,1,3,1,2,2
60,3,3,2,2,1,1,2,1,2,2,1,1,1,1,1,2,3,2,2,2,2,1,1,1,1,1,1,2,1,2,2,2,1,1,6
61,3,2,2,1,1,1,1,1,2,2,1,1,1,2,1,1,3,3,3,3,3,3,1,2,1,2,1,1,1,1,1,2,1,2,1
62,2,2,1,2,1,1,1,1,1,1,2,1,1,1,3,2,4,1,3,1,3,1,1,1,1,1,1,1,1,1,1,2,1,2,5
63,4,4,3,2,2,1,1,1,3,3,1,1,1,1,1,1,4,3,4,3,3,3,2,2,1,1,1,1,1,1,1,2,1,3,1
64,3,3,1,4,1,1,1,1,1,1,2,1,1,3,1,4,2,1,2,1,1,1,1,1,1,1,1,3,1,1,1,3,1,2,2
65,4,3,3,3,1,3,1,2,1,1,2,3,1,1,1,2,2,2,2,1,1,1,1,1,3,1,3,1,3,1,1,2,4,3,3
66,3,3,3,1,1,1,1,1,3,3,2,1,1,2,1,1,3,1,3,4,4,4,2,4,1,4,1,1,1,1,1,4,1,2,1
67,2,2,1,2,4,1,1,1,1,1,2,1,1,1,1,2,2,1,2,1,1,1,1,1,1,1,1,3,1,1,1,3,1,2,4
68,4,4,4,3,1,1,1,1,1,1,2,1,1,1,4,3,3,3,3,1,3,1,1,1,1,1,1,1,1,1,1,4,1,2,5
69,4,4,4,1,2,1,1,1,3,1,2,1,1,1,1,2,2,3,3,3,3,3,1,1,1,1,1,1,1,1,1,3,1,2,1
70,3,3,3,2,1,1,1,1,1,1,2,1,1,2,1,2,3,1,1,1,1,1,1,1,1,1,1,3,1,1,1,2,1,2,2
71,3,2,3,1,1,1,4,1,4,1,2,1,1,1,1,3,3,2,3,1,1,1,1,1,1,1,1,1,1,4,4,1,1,1,6
72,2,2,2,2,2,1,1,2,1,1,2,3,1,1,1,4,2,1,2,1,1,1,1,1,3,1,3,1,3,1,1,3,4,3,3
73,2,2,2,2,1,1,1,1,1,1,2,1,1,1,2,2,2,2,3,1,2,1,1,1,1,1,1,1,1,1,1,3,1,3,5
74,3,2,3,3,2,1,1,1,1,1,2,1,1,1,1,3,1,1,2,1,1,1,1,1,1,1,1,3,1,1,1,2,1,1,4
75,4,3,2,3,1,1,1,1,1,1,2,1,1,3,1,3,2,1,3,1,1,1,1,1,1,1,1,3,1,1,1,3,1,2,2
76,3,3,3,2,1,1,1,1,1,1,2,1,1,3,1,2,3,1,4,1,1,1,1,1,1,1,1,4,1,1,1,1,1,2,2
77,3,2,3,3,3,1,1,1,1,1,2,1,2,3,1,3,3,3,3,3,3,2,2,2,1,1,1,1,1,1,1,4,1,4,1
78,1,1,1,1,1,1,1,4,1,1,2,2,1,1,1,4,2,2,2,1,1,1,1,1,3,1,4,4,4,1,1,4,4,3,3
79,3,3,2,3,1,1,1,1,1,1,2,1,1,1,3,2,2,2,2,1,1,1,1,1,1,1,1,1,1,1,1,2,1,2,5
80,4,3,3,3,3,1,1,1,1,1,2,1,1,2,1,1,3,2,2,2,3,2,2,2,1,1,1,1,1,1,1,3,1,2,1
81,4,3,3,3,1,1,1,1,1,1,2,1,1,4,1,3,3,1,4,1,1,1,1,1,1,1,1,3,1,1,1,2,1,2,2
82,3,2,2,3,1,1,1,1,1,1,2,1,1,3,1,4,3,1,3,1,1,1,1,1,1,1,1,4,1,1,1,4,1,2,2
83,4,3,3,2,1,1,1,1,1,1,2,1,1,2,1,3,2,1,3,1,1,1,1,1,1,1,1,3,1,1,1,3,1,1,2
84,2,2,3,4,1,1,1,1,1,1,2,1,1,1,4,2,2,2,2,1,1,1,1,1,1,1,1,1,1,1,1,2,1,3,5
85,3,3,3,4,4,1,1,1,1,3,2,1,2,3,1,2,2,2,2,2,2,2,2,3,1,1,1,1,1,1,1,3,1,2,1
86,4,4,3,3,2,1,1,1,1,2,2,1,3,3,1,2,3,2,2,2,3,2,3,2,1,1,1,1,1,1,1,3,1,3,1
87,3,2,3,2,2,1,1,3,1,1,2,3,1,1,1,3,3,1,3,1,1,1,1,1,4,1,4,1,4,1,1,4,4,3,3
88,1,2,3,2,2,1,2,1,3,4,2,1,1,2,1,1,4,2,3,4,4,4,2,2,1,1,1,1,1,1,1,3,1,2,1
89,2,2,2,1,3,1,1,1,1,1,2,1,1,2,1,2,2,1,2,1,1,1,1,1,1,1,1,3,1,1,1,2,1,2,4
90,4,3,2,4,1,1,1,1,1,1,1,1,2,3,1,4,3,1,2,1,2,1,1,1,1,1,1,4,1,1,1,2,1,3,2
91,3,2,1,3,1,1,1,1,1,1,2,1,2,2,1,3,1,1,1,1,1,1,1,1,1,1,1,1,1,1,1,3,1,3,2
92,2,2,2,4,1,1,2,1,1,1,2,1,1,1,3,2,4,2,2,1,3,1,1,1,1,1,1,2,1,1,1,3,1,2,5
93,4,4,4,4,4,1,1,1,4,4,1,1,1,2,1,1,3,2,3,3,3,3,3,3,1,2,1,1,1,1,1,3,1,3,1
94,3,2,2,4,3,3,1,3,1,1,2,3,1,1,1,3,3,1,2,1,1,1,1,1,3,1,4,1,3,1,1,4,4,2,3
95,3,2,1,3,3,1,1,1,1,1,2,1,1,1,1,4,2,2,2,1,1,1,1,1,1,2,1,3,1,1,1,2,1,1,4
96,3,3,2,3,1,1,1,1,1,1,2,1,1,2,1,4,3,1,2,1,1,1,1,1,1,1,1,4,1,1,1,3,1,2,2
97,2,2,2,1,1,1,1,1,1,1,2,1,1,1,4,1,3,1,1,1,4,1,1,1,1,1,1,1,1,1,1,2,1,3,5
98,3,3,3,3,3,1,1,1,3,2,2,1,1,1,1,3,1,3,3,3,3,3,2,2,1,1,1,1,1,1,1,2,1,2,1
99,3,3,2,1,1,1,3,1,3,1,1,1,1,1,1,2,2,2,2,1,1,1,1,1,1,1,1,1,1,2,2,2,1,1,6
100,3,3,2,2,1,1,1,1,2,1,2,1,2,2,1,3,3,2,2,1,2,1,2,1,1,1,1,3,1,1,1,2,1,1,2
101,2,2,3,1,1,1,1,1,1,1,2,1,1,1,4,1,3,1,1,1,3,1,1,1,1,1,1,1,1,1,1,2,1,4,5
102,4,4,4,3,3,1,1,1,3,3,2,1,1,2,1,1,2,1,2,2,2,2,2,2,1,3,1,1,1,1,1,4,1,3,1
103,3,4,2,3,1,1,1,1,1,1,2,1,2,1,1,4,3,1,3,1,3,1,1,1,1,1,1,3,1,1,1,2,1,1,2
104,2,3,3,2,1,1,1,1,1,1,2,1,3,1,1,3,4,1,2,1,2,1,1,1,1,1,1,2,1,1,1,3,1,2,2
105,3,3,3,3,3,1,1,1,3,3,1,1,1,2,1,1,3,2,3,3,3,2,1,3,1,1,2,1,1,1,1,2,1,2,1
106,2,2,1,2,2,1,1,1,1,1,2,1,1,1,1,3,1,1,2,1,1,1,1,1,1,1,1,3,1,1,1,3,1,3,4
107,2,2,2,2,2,1,1,1,2,2,2,1,1,3,1,1,2,3,2,2,2,3,1,4,1,1,1,1,1,1,1,3,1,2,1
108,3,3,4,3,2,4,1,3,1,1,2,3,1,1,1,3,4,1,1,1,1,1,1,1,3,1,4,1,3,1,1,3,4,3,3
109,4,3,2,3,3,1,1,1,3,3,2,1,1,2,1,1,3,4,3,3,3,4,1,4,1,1,1,1,1,1,1,4,2,2,1
110,3,3,3,4,3,1,1,1,4,4,2,1,1,2,1,1,3,1,3,3,3,3,3,3,1,2,1,1,1,1,1,3,1,3,1
111,3,3,3,4,3,3,1,3,1,1,2,4,1,1,1,4,3,1,2,1,1,1,1,1,3,1,4,3,4,1,1,4,4,1,3
112,2,2,3,1,1,1,1,1,1,1,2,1,1,1,4,1,3,1,1,1,3,1,1,1,1,1,1,1,1,1,1,3,1,2,5
113,3,3,4,3,4,4,1,4,1,1,2,3,1,1,1,3,4,1,3,1,1,1,1,1,4,1,3,3,3,1,1,3,3,2,3
114,2,2,2,3,3,3,1,3,1,1,2,3,1,1,1,3,3,1,2,1,1,1,1,1,3,1,3,1,3,1,1,4,4,3,3
115,3,3,3,4,1,1,2,1,1,1,2,1,1,1,4,2,3,3,3,1,3,1,1,1,1,1,1,1,1,1,1,2,1,1,5
116,3,3,2,3,1,1,1,1,1,1,2,1,1,2,1,3,3,1,3,1,1,1,1,1,1,1,1,3,1,1,1,3,1,2,2
117,3,3,4,3,3,3,1,4,1,1,2,3,1,1,3,3,3,1,2,1,1,1,1,1,3,1,4,4,3,1,1,3,3,3,3
118,3,3,1,3,3,1,1,1,1,1,2,1,1,1,1,4,1,1,3,1,1,1,1,1,1,1,1,4,1,1,1,3,1,2,4
119,2,2,2,2,2,1,1,1,3,3,2,1,1,3,1,1,3,2,2,3,3,2,1,3,1,1,1,1,1,1,1,1,3,3,1
120,4,4,3,3,1,1,1,1,1,1,2,1,1,1,1,1,3,1,3,1,2,1,1,1,1,1,1,4,1,1,1,3,1,2,2
121,3,3,3,2,1,1,3,1,1,1,2,1,1,1,4,2,4,3,3,1,3,1,1,1,1,1,1,1,1,1,1,3,1,3,5
122,2,2,3,1,1,1,4,1,4,1,1,1,1,1,1,3,2,2,2,2,1,1,1,1,1,1,1,1,1,3,3,3,1,1,6
123,3,4,4,4,4,1,1,1,3,2,2,1,1,1,1,3,3,2,4,4,4,4,1,1,1,1,1,1,1,1,1,3,1,2,1
124,4,3,3,3,3,1,1,1,1,4,2,1,1,3,1,1,4,2,4,4,4,3,1,2,1,1,1,1,1,1,1,3,1,2,1
125,3,3,2,2,1,1,1,1,1,1,2,1,1,2,1,3,4,1,3,1,1,1,1,1,1,1,1,3,1,1,1,2,1,2,2
126,3,3,3,1,1,1,3,1,3,1,2,1,1,1,1,3,3,3,3,1,1,1,1,1,1,1,1,1,1,3,3,3,1,1,6
127,3,3,3,3,4,3,1,4,1,1,2,4,1,1,1,4,3,1,2,1,1,1,1,1,3,1,4,1,4,1,1,4,4,3,3
128,2,2,1,1,1,1,1,1,1,1,2,1,1,1,3,1,4,1,1,1,3,1,1,1,1,1,1,1,1,1,1,2,1,1,5
129,3,2,1,3,3,1,1,1,1,1,2,1,1,1,1,3,2,2,2,1,1,1,1,1,1,1,1,3,1,1,1,2,1,1,4
130,2,2,3,3,3,1,3,1,2,3,2,1,1,2,1,1,3,2,3,4,4,4,3,3,1,1,1,1,1,1,1,3,1,3,1
131,3,3,3,4,3,1,1,1,2,2,2,1,1,2,1,1,2,2,2,2,2,2,2,2,1,3,1,1,1,1,1,4,1,2,1
132,4,3,3,2,4,4,1,4,1,1,2,4,1,1,1,4,3,1,4,1,1,1,1,1,3,1,4,4,4,1,1,3,3,2,3
133,3,3,2,1,1,1,1,1,1,1,2,1,1,1,3,1,4,1,1,1,3,1,1,1,1,1,1,1,1,1,1,4,1,2,5
134,4,3,3,1,1,1,1,1,1,1,2,1,1,1,2,1,3,1,1,1,2,1,1,1,1,1,1,1,1,1,1,3,1,2,5
135,2,2,2,2,2,1,2,1,3,4,2,1,1,2,1,1,3,3,2,3,3,3,3,3,1,1,1,1,1,1,1,4,1,2,1
136,3,3,1,3,2,1,1,1,1,1,2,1,1,1,1,3,1,1,3,1,1,1,1,1,1,1,1,4,1,1,1,4,1,4,4
137,4,4,3,2,1,1,1,1,1,1,2,1,3,1,1,3,4,1,3,1,3,1,1,1,1,1,1,3,1,1,1,2,1,2,2
138,3,4,3,4,4,4,1,3,1,1,2,4,1,1,1,4,3,1,4,1,1,1,1,1,4,1,3,3,3,1,1,3,3,3,3
139,4,4,4,4,3,1,1,1,1,1,2,1,1,2,1,1,3,2,2,2,3,2,2,3,1,1,1,1,1,1,1,3,1,2,1
140,3,3,2,3,3,1,1,1,1,1,2,1,1,2,1,2,3,1,2,1,1,1,1,1,1,1,1,3,1,1,1,3,1,1,2
141,3,4,2,3,2,1,1,1,1,1,2,1,1,3,1,1,2,1,1,3,2,3,3,1,1,1,1,1,1,1,1,3,1,1,1
142,4,3,3,4,3,1,1,1,1,3,2,1,1,3,1,3,3,2,3,4,4,4,4,2,1,1,1,1,1,1,1,4,1,4,1
143,3,2,2,4,3,3,1,3,1,1,2,1,1,1,3,4,1,3,1,1,1,1,1,4,1,3,1,3,3,1,1,4,3,2,3
144,2,2,3,4,3,4,1,4,1,1,2,3,1,1,1,3,3,1,3,1,1,1,1,1,3,1,4,3,4,1,1,3,4,2,3
145,3,3,4,4,2,3,1,3,1,1,2,2,1,1,1,4,4,1,3,1,1,1,1,1,4,1,3,2,3,1,1,3,4,2,3
146,4,3,1,4,1,1,1,1,1,1,2,1,2,2,1,4,3,1,2,1,1,1,1,1,1,1,1,4,1,1,1,3,1,3,2
147,2,2,1,4,1,1,1,1,1,1,2,1,2,1,3,1,4,1,2,1,3,1,1,1,1,1,1,1,1,1,1,2,1,2,5
148,3,3,3,1,3,1,1,1,1,1,2,1,1,1,1,3,3,1,3,1,1,1,1,1,1,1,1,3,1,1,1,2,1,2,4
149,3,4,1,3,1,1,1,1,1,1,2,1,1,1,1,4,3,1,1,1,1,1,1,1,1,1,1,3,1,1,1,2,1,3,2
150,2,3,1,4,1,1,1,1,1,1,2,1,1,1,1,3,3,1,1,1,1,1,1,1,1,1,1,3,1,1,1,3,1,2,2
151,3,4,3,2,1,1,1,1,2,3,1,1,1,2,1,3,2,1,2,3,3,2,2,1,1,1,1,1,1,1,1,3,1,2,1
152,4,4,3,3,1,1,1,1,3,1,2,1,1,2,1,3,2,1,3,2,2,2,2,1,1,1,1,1,1,1,1,3,1,3,1
153,3,3,3,1,1,1,1,1,2,1,2,1,1,3,1,2,4,1,2,3,3,2,1,1,1,1,1,1,1,1,1,2,1,3,1
154,2,1,2,3,1,1,1,1,1,1,2,1,1,1,4,1,4,2,1,1,3,1,1,1,1,1,1,1,1,1,1,2,1,2,5
155,3,2,2,2,1,3,1,3,1,1,2,3,1,1,1,3,3,1,3,1,1,1,1,1,2,1,3,3,3,1,1,4,4,2,3
156,3,4,1,3,1,1,1,1,1,1,2,1,1,1,1,4,4,1,1,1,1,1,1,1,1,1,1,3,1,1,1,2,1,3,2
157,4,4,3,3,1,4,1,3,1,1,2,3,1,1,1,3,3,1,3,1,1,1,1,1,3,1,3,4,4,1,1,3,4,2,3
158,3,3,2,3,1,1,1,1,1,1,2,1,1,1,1,3,2,1,1,1,1,1,1,1,1,1,1,3,1,1,1,2,1,2,2
159,4,3,3,2,1,1,1,1,1,1,2,1,1,1,1,2,3,1,1,1,1,1,1,1,1,1,1,4,1,1,1,3,1,3,2
160,3,2,3,1,3,1,1,1,1,1,2,1,1,1,1,3,3,1,2,1,1,1,1,1,1,1,1,3,1,1,1,2,1,2,4
161,3,2,2,3,1,1,1,1,1,1,2,1,1,1,1,3,2,1,1,1,1,1,1,1,1,1,1,3,1,1,1,4,1,4,2
162,4,3,3,3,1,3,1,3,1,1,2,3,1,1,1,3,3,1,3,1,1,1,1,1,3,1,2,2,2,1,1,3,3,2,3
163,3,3,1,1,1,1,3,1,2,2,1,1,1,1,1,3,3,1,2,1,1,1,1,1,1,1,1,2,1,2,3,2,1,1,6
164,4,3,1,3,1,1,1,1,1,1,2,1,1,2,1,3,3,1,2,1,1,1,1,1,1,1,1,3,1,1,1,1,1,1,2
165,4,3,3,4,2,1,1,1,2,2,1,1,1,3,1,1,3,1,3,3,4,3,2,2,1,1,1,1,1,1,1,2,1,3,1
166,3,4,3,3,2,1,1,1,3,3,2,1,1,3,1,1,3,1,4,4,4,3,3,3,1,1,1,1,1,1,1,3,1,4,1
167,3,3,4,4,2,3,1,3,1,1,2,3,1,1,1,4,3,1,3,1,1,1,1,1,3,1,3,1,1,1,1,3,4,3,3
168,3,3,3,1,3,1,1,1,1,1,2,1,1,1,1,3,2,1,2,1,1,1,1,1,1,2,1,3,1,1,1,2,1,1,4
169,3,3,4,4,2,4,1,3,1,1,2,4,1,1,1,3,4,1,3,1,1,1,1,1,3,1,4,3,3,1,1,4,4,2,3
170,2,2,3,4,2,3,1,3,1,1,2,2,1,1,1,2,4,1,2,1,1,1,1,1,2,1,3,3,4,1,1,3,4,3,3
171,3,4,3,1,1,1,1,1,3,3,2,1,1,3,1,1,3,1,3,4,3,2,4,1,1,3,1,1,1,1,1,3,1,3,1
172,4,3,4,1,1,1,1,1,4,1,2,1,1,4,1,1,2,1,2,3,3,1,3,1,1,4,1,1,1,1,1,2,1,3,1
173,4,4,4,1,1,1,1,1,3,1,2,1,1,3,1,1,3,1,3,3,4,1,4,1,1,3,1,1,1,1,1,3,1,1,1
174,4,3,3,3,1,3,1,3,1,1,2,3,1,1,1,3,4,1,4,1,1,1,1,1,3,1,3,4,3,1,1,3,4,2,3
175,3,3,3,1,1,1,1,1,4,3,2,1,1,3,1,1,3,1,3,3,4,3,4,1,1,3,1,1,1,1,1,4,1,2,1
176,4,3,4,1,1,1,1,1,3,3,2,1,1,3,1,1,4,1,3,3,3,4,4,1,1,3,1,1,1,1,1,3,1,2,1
177,3,3,1,4,1,1,1,1,1,1,2,1,1,3,1,4,4,1,1,1,1,1,1,1,1,1,1,3,1,1,1,3,1,2,2
178,2,3,3,3,1,4,1,3,1,1,2,3,1,1,1,4,3,1,3,1,1,1,1,1,4,1,3,3,3,1,1,3,3,3,3
179,3,3,3,3,1,3,1,4,1,1,2,4,1,1,1,4,4,1,4,1,1,1,1,1,4,1,4,4,4,1,1,3,3,2,3
180,3,4,3,1,1,1,1,1,3,1,2,1,1,4,1,1,4,1,3,3,3,1,3,1,1,1,1,1,1,1,1,3,1,2,1
181,4,3,3,1,1,1,1,1,1,1,2,1,1,3,1,1,3,1,2,1,3,3,1,1,1,1,1,1,1,1,1,3,1,3,1
182,2,4,2,1,1,1,1,1,1,1,2,1,1,3,1,1,3,1,3,1,4,4,1,1,1,1,1,1,1,1,1,4,1,3,1
183,3,3,3,1,1,1,1,1,1,1,2,1,1,4,1,1,4,1,4,1,4,4,1,1,1,1,1,1,1,1,1,3,1,1,1
184,3,3,2,1,1,1,4,1,3,1,1,1,1,1,1,3,3,2,3,1,1,1,1,1,1,1,1,3,1,4,4,3,1,1,6
185,3,3,1,3,1,1,1,1,1,1,2,1,1,2,1,4,3,1,1,1,1,1,1,1,1,1,1,4,1,1,1,2,1,2,2
186,4,3,1,4,1,1,1,1,1,1,2,1,1,3,1,3,3,1,1,1,1,1,1,1,1,1,1,3,1,1,1,3,1,1,2
187,3,4,1,3,1,1,1,1,1,1,2,1,1,3,1,4,4,1,1,1,1,1,1,1,1,1,1,3,1,1,1,3,1,3,2
188,4,3,1,3,1,1,1,1,1,1,1,1,1,3,1,3,3,1,1,1,1,1,1,1,1,1,1,4,1,1,1,4,1,3,2
189,3,3,3,1,1,1,1,1,4,1,2,1,1,3,1,1,3,1,3,3,3,1,3,1,1,3,1,1,1,1,1,3,1,2,1
190,3,2,3,4,2,3,1,3,1,1,2,3,1,1,1,2,4,1,3,1,1,1,1,1,3,1,3,1,4,1,1,4,3,3,3
191,3,4,4,4,1,4,1,4,1,1,2,3,1,1,1,3,2,1,3,1,1,1,1,1,3,1,3,1,4,1,1,3,3,2,3
192,4,3,3,3,1,3,1,1,1,1,2,3,1,1,1,4,3,1,4,1,1,1,1,1,3,1,4,1,3,1,1,4,4,2,3
193,3,3,3,1,1,1,1,1,3,3,1,1,1,3,1,1,3,1,4,4,3,3,3,2,1,3,1,1,1,1,1,3,1,1,1
194,4,3,3,1,1,1,1,1,4,4,1,1,1,4,1,1,4,1,3,4,3,4,3,1,1,4,1,1,1,1,1,3,1,2,1
195,3,3,2,3,1,1,1,1,1,1,2,1,2,2,1,3,3,1,2,1,1,1,2,1,1,1,1,4,1,1,1,3,1,2,2
196,4,3,4,4,2,3,1,3,1,1,2,4,1,1,1,3,3,1,3,1,1,1,1,1,2,1,3,1,3,1,1,3,4,3,3
197,4,3,3,1,1,1,1,1,1,1,2,1,2,2,1,2,2,1,3,1,1,1,2,1,1,1,1,3,1,1,1,3,1,3,2
198,3,3,3,1,1,1,1,1,1,1,2,1,2,3,1,3,1,1,2,1,1,1,1,1,1,1,1,3,1,1,1,2,1,2,2
199,4,3,2,1,1,1,1,1,1,1,2,1,2,2,1,3,1,1,3,1,1,1,1,1,1,1,1,3,1,1,1,2,1,3,2
200,2,2,1,3,1,1,2,1,1,1,2,1,1,1,3,2,3,2,1,1,2,1,1,1,1,1,1,1,1,1,1,3,1,1,5
201,2,2,1,2,1,1,3,1,1,1,2,1,1,1,2,3,2,3,1,1,3,1,1,1,1,1,1,1,1,1,1,3,1,2,5
202,3,3,1,3,1,1,2,1,1,1,2,1,1,1,3,2,3,2,1,1,3,1,1,1,1,1,1,1,1,1,1,4,1,3,5
203,2,2,1,2,1,1,3,1,1,1,2,1,1,1,3,3,2,3,1,1,2,1,1,1,1,1,1,1,1,1,1,2,1,2,5
204,3,3,1,3,1,1,2,1,1,1,2,1,1,1,2,2,3,3,1,1,1,1,1,1,1,1,1,1,1,1,1,3,2,2,5
205,4,3,3,1,1,1,1,1,3,3,1,1,1,3,1,1,4,3,2,3,3,3,2,2,1,1,1,1,1,1,1,3,1,3,1
206,3,4,3,1,2,1,1,1,3,4,2,1,1,3,1,1,3,4,2,3,3,3,2,2,1,1,1,1,1,1,1,2,1,1,1
207,4,3,3,1,3,1,1,1,4,3,2,1,1,4,1,1,4,3,3,3,3,3,2,1,1,1,1,1,1,1,1,3,1,3,1
208,3,4,3,1,1,1,1,1,3,4,2,1,1,3,1,1,3,3,3,3,3,4,3,2,1,1,1,1,1,1,1,3,1,2,1
209,3,4,3,1,1,1,1,1,4,3,2,1,1,3,1,1,4,3,4,3,3,4,3,2,1,1,1,1,1,1,1,3,1,2,1
210,4,3,3,1,1,1,1,1,3,3,2,1,1,3,1,1,4,2,3,4,4,3,4,1,1,1,1,1,1,1,1,3,1,3,1
211,3,4,3,1,1,1,1,1,4,3,2,1,1,3,1,1,3,2,3,4,4,3,3,1,1,1,1,1,1,1,1,2,1,4,1
212,3,3,3,4,2,3,1,3,1,1,2,3,1,1,1,3,3,1,2,1,1,1,1,1,3,3,3,2,4,1,1,3,4,2,3
213,3,3,3,3,2,4,1,3,1,1,2,3,1,1,1,4,3,1,1,1,1,1,1,1,4,3,3,3,3,1,1,4,4,2,3
214,4,3,4,3,3,3,1,3,1,1,2,4,1,1,1,3,4,1,2,1,1,1,1,1,3,2,3,3,2,1,1,3,4,3,3
215,3,4,3,4,4,3,1,3,1,1,2,3,1,1,1,4,3,1,1,1,1,1,1,1,4,3,3,2,3,1,1,3,3,2,3
216,3,3,4,3,3,3,1,4,1,1,2,4,1,1,1,3,4,1,1,1,1,1,1,1,3,3,4,3,3,1,1,3,4,3,3
217,4,3,3,4,4,4,1,3,1,1,2,3,1,1,1,3,4,1,1,1,1,1,1,1,3,3,3,3,3,1,1,3,3,3,3
218,4,3,2,1,3,1,1,1,1,1,2,1,1,1,1,3,3,1,1,1,1,1,1,1,1,1,1,4,1,1,1,3,1,3,4
219,3,3,2,1,2,1,1,1,1,1,2,1,1,1,1,4,3,1,1,1,1,1,1,1,1,1,1,4,1,1,1,3,1,2,4
220,4,2,2,1,2,1,1,1,1,1,2,1,1,1,1,3,3,1,1,1,1,1,1,1,1,1,1,3,1,1,1,4,1,2,4
221,3,3,3,2,3,1,1,1,1,1,2,1,1,1,1,4,3,1,1,1,1,1,1,1,1,1,1,4,1,1,1,3,1,3,4
222,2,2,2,4,1,1,1,1,1,1,2,1,1,1,3,2,4,1,2,1,3,1,1,1,1,1,1,1,1,1,1,3,1,1,5
223,3,2,3,3,1,1,1,1,1,1,2,1,1,1,4,1,4,1,3,1,3,1,1,1,1,1,1,3,1,1,1,2,1,2,5
224,3,2,4,4,1,1,1,1,1,1,2,1,1,1,3,1,3,1,3,1,3,1,1,1,1,1,1,2,1,1,1,2,1,2,5
225,3,2,3,3,1,1,1,1,1,1,2,1,1,1,2,1,2,1,2,1,2,1,1,1,1,1,1,1,1,1,1,2,1,2,5
226,2,3,2,2,1,1,1,1,1,1,2,1,1,1,3,1,3,1,3,1,3,1,1,1,1,1,1,1,1,1,1,3,1,2,5
227,2,2,2,3,1,1,1,1,1,1,2,1,1,1,4,1,3,1,3,1,3,1,1,1,1,1,1,1,1,1,1,3,1,1,5
228,3,2,3,1,1,1,1,1,1,1,2,1,1,1,3,1,3,1,3,1,3,1,1,1,1,1,1,1,1,1,1,2,1,3,5
229,3,3,1,3,1,1,1,1,1,1,2,1,2,2,1,3,3,1,3,1,1,1,1,1,1,1,1,4,1,1,1,3,1,3,2
230,4,3,1,2,1,1,1,1,1,2,2,1,3,3,1,4,3,1,3,1,1,1,1,1,1,1,1,3,1,1,1,4,1,2,2
231,3,4,1,4,1,1,1,1,1,3,2,1,3,3,1,3,4,1,4,1,1,1,1,1,1,1,1,3,1,1,1,3,1,3,2
232,4,3,1,3,1,1,1,1,1,3,2,1,3,3,1,3,3,1,3,1,1,1,1,1,1,1,1,2,1,1,1,3,1,3,2
233,3,3,3,2,2,1,1,1,3,1,1,1,1,3,1,2,3,2,3,3,3,3,2,2,1,2,1,1,1,1,1,3,1,3,1
234,4,3,4,1,2,1,1,1,2,3,2,1,1,3,1,3,2,3,2,2,2,2,2,2,1,3,1,1,1,1,1,3,1,4,1
235,3,3,3,2,1,1,1,1,1,2,1,1,1,2,1,3,2,3,3,3,2,3,1,1,1,2,1,1,1,1,1,3,1,3,1
236,4,3,4,3,1,1,1,1,1,3,1,1,1,1,1,3,2,4,3,3,3,3,1,1,1,4,1,1,1,1,1,4,1,2,1
237,3,3,2,2,1,1,1,1,1,3,1,1,1,1,1,3,3,3,3,2,3,3,1,1,1,3,1,1,1,1,1,3,1,3,1
238,3,3,3,3,1,1,1,1,1,2,2,1,1,1,1,3,3,4,3,3,2,2,1,1,1,3,1,1,1,1,1,2,1,3,1
239,3,3,3,2,1,1,3,1,3,3,1,1,1,1,1,2,3,1,3,1,1,1,1,1,1,1,1,3,1,3,3,3,1,1,6
240,4,3,1,1,1,1,3,1,3,3,2,1,1,1,1,3,2,1,3,1,1,1,1,1,1,1,1,2,1,3,4,4,1,1,6
241,3,3,3,4,1,1,1,1,3,3,1,1,1,2,1,1,3,2,3,4,4,4,1,2,1,3,1,1,1,1,1,2,1,2,1
242,4,3,3,4,1,1,1,1,3,1,2,1,1,3,1,1,3,3,3,3,3,3,1,3,1,3,1,1,1,1,1,2,1,3,1
243,3,3,3,3,1,1,1,1,3,3,1,1,1,2,1,1,4,1,4,3,3,3,1,3,1,3,1,1,1,1,1,3,1,3,1
244,3,2,3,1,1,1,1,1,4,3,1,1,1,3,1,1,3,1,3,4,3,3,1,3,1,4,1,1,1,1,1,3,1,2,1
245,4,4,4,1,1,1,1,1,3,4,2,1,1,2,1,1,4,1,4,4,4,4,1,2,1,4,1,1,1,1,1,4,1,2,1
246,3,3,3,1,1,1,1,1,3,4,2,1,1,3,1,1,3,1,3,4,3,3,1,3,1,3,1,1,1,1,1,3,1,3,1
247,3,3,3,1,1,1,1,1,3,3,2,1,1,3,1,1,3,1,3,3,3,3,1,3,1,3,1,1,1,1,1,3,1,4,1
248,4,3,3,1,1,1,1,1,1,2,1,1,1,3,1,1,3,1,2,2,3,3,2,1,1,3,1,1,1,1,1,3,1,1,1
249,3,2,2,3,3,3,1,3,1,1,2,3,2,1,1,4,3,2,2,1,1,1,1,1,3,1,3,3,4,1,1,3,4,3,3
250,3,3,3,3,4,4,1,3,1,1,2,3,1,1,1,3,4,2,2,1,1,1,1,1,3,1,3,4,3,1,1,4,3,2,3
251,3,3,3,3,2,3,1,3,1,1,2,3,2,1,1,4,3,2,2,1,1,1,1,1,3,1,3,3,4,1,1,3,4,4,3
252,3,3,3,3,2,3,1,3,1,1,2,4,2,1,1,3,3,2,2,1,1,1,1,1,3,1,3,4,3,1,1,3,4,2,3
253,3,2,3,3,1,4,1,3,1,1,2,3,2,1,1,4,3,2,2,1,1,1,1,1,3,1,3,4,3,1,1,4,3,2,3
254,4,2,3,4,1,4,1,1,1,2,2,3,2,1,1,3,4,2,3,1,1,1,1,1,2,1,4,3,4,1,1,3,3,3,3
255,3,2,3,3,1,3,1,1,1,2,2,2,2,1,1,3,4,2,3,1,1,1,1,1,3,1,3,3,3,1,1,3,3,3,3
256,3,2,2,1,2,1,1,1,1,1,2,1,1,1,1,3,3,1,2,1,1,1,1,1,1,2,1,3,1,1,1,2,1,2,4
257,4,3,2,2,1,1,1,1,1,1,2,1,2,1,1,4,3,2,2,1,1,1,1,1,1,2,1,2,1,1,1,3,1,2,4
258,2,3,3,1,2,1,1,1,1,1,2,1,1,2,1,3,3,3,2,1,1,1,1,1,1,2,1,3,1,1,1,2,1,3,4
259,3,3,3,1,2,1,1,1,1,1,2,1,1,1,1,3,3,2,2,1,1,1,1,1,1,1,1,3,1,1,1,3,1,2,4
260,2,3,3,1,2,1,1,1,1,1,2,1,1,1,1,4,3,3,2,1,1,1,1,1,1,2,1,3,1,1,1,3,1,2,4
261,3,3,3,2,1,1,1,1,1,1,2,1,1,1,1,3,3,3,3,1,1,1,1,1,1,1,1,2,1,1,1,3,1,2,4
262,3,2,1,3,1,1,1,1,1,1,2,1,1,1,3,2,4,3,3,2,4,1,1,1,1,1,1,3,1,1,1,4,1,3,5
263,2,2,2,4,1,1,1,1,1,1,2,1,1,1,4,3,4,2,3,3,3,1,1,1,1,1,1,4,1,1,1,3,1,3,5
264,2,2,1,3,1,1,1,1,2,1,2,1,1,1,4,3,4,3,2,2,4,1,1,1,1,1,1,3,1,1,1,4,1,3,5
265,2,2,1,4,1,1,1,1,1,1,2,1,1,1,3,2,4,2,2,1,3,1,2,1,1,1,1,3,1,1,1,4,1,3,5
266,3,3,2,2,1,1,3,1,3,1,1,1,1,1,1,2,2,2,2,1,1,1,1,1,1,1,1,3,1,2,3,3,1,1,6
267,4,3,1,2,1,1,3,1,2,1,1,1,1,1,1,2,3,2,3,1,1,1,1,1,1,1,1,4,1,2,3,3,1,1,6
268,3,3,2,2,1,1,3,1,1,1,2,1,1,1,1,2,2,2,2,1,1,1,1,1,1,1,1,3,1,2,3,3,1,1,6
269,4,3,3,1,1,1,1,1,1,1,2,1,1,1,1,4,3,2,1,1,1,1,1,1,1,2,1,3,1,1,1,3,1,2,4
270,3,3,2,1,2,1,1,1,1,1,2,1,1,1,1,3,3,1,1,1,1,1,1,1,1,2,1,4,1,1,1,3,1,4,4
271,3,3,3,1,1,1,1,1,1,1,2,1,1,1,1,4,2,1,1,1,1,1,1,1,1,2,1,3,1,1,1,4,1,3,4
272,4,4,3,1,2,1,1,1,3,3,1,1,1,1,1,1,3,2,4,4,4,3,2,1,1,2,1,1,1,1,1,3,1,2,1
273,3,3,4,2,1,1,1,1,4,3,1,1,1,1,1,2,3,1,4,4,4,3,2,2,1,3,1,1,1,1,1,4,1,3,1
274,2,3,3,2,2,1,1,1,3,3,1,1,1,2,1,1,3,1,3,4,4,4,3,2,1,3,1,1,1,1,1,3,1,4,1
275,3,3,4,2,1,1,1,1,2,3,2,1,1,2,1,1,3,1,3,4,4,3,2,2,1,3,1,1,1,1,1,3,1,2,1
276,4,3,3,3,1,1,1,1,3,2,2,1,1,2,1,1,3,1,4,3,4,3,3,2,1,3,1,1,1,1,1,4,1,1,1
277,3,3,3,2,1,1,1,1,1,1,2,1,1,1,1,3,3,2,3,1,1,1,1,1,1,1,1,4,1,1,1,3,1,2,2
278,4,3,3,2,1,1,1,1,2,1,1,1,1,2,1,4,3,1,2,1,1,1,1,1,1,1,1,4,1,1,1,4,1,1,2
279,3,3,2,1,2,1,1,1,1,1,2,1,1,1,1,3,2,1,2,1,1,1,1,1,1,1,1,3,1,1,1,3,1,3,4
280,2,3,3,1,2,1,1,1,1,1,2,1,1,1,1,3,2,1,1,1,1,1,1,1,1,2,1,3,1,1,1,2,1,3,4
281,3,3,2,1,1,1,1,1,1,1,2,1,1,1,1,3,3,2,2,1,1,1,1,1,1,1,1,3,1,1,1,3,1,2,4
282,4,4,3,1,1,1,1,1,3,3,2,1,1,1,1,1,3,2,3,3,4,3,2,1,1,2,1,1,1,1,1,3,1,3,1
283,3,4,4,2,1,1,1,1,3,2,2,1,1,1,1,1,4,1,3,3,3,4,1,2,1,3,1,1,1,1,1,3,1,2,1
284,3,3,3,2,1,1,1,1,1,1,2,1,1,1,1,3,3,2,1,1,1,1,1,1,1,1,1,3,1,1,1,3,1,4,2
285,4,3,3,1,1,1,1,1,1,1,2,1,1,1,1,3,3,2,1,1,1,1,1,1,1,1,1,3,1,1,1,4,1,2,2
286,3,4,3,2,1,1,1,1,1,1,2,1,1,1,1,4,3,1,1,1,1,1,1,1,1,1,1,4,1,1,1,4,1,3,2
287,3,2,3,2,1,3,1,3,1,1,2,3,1,1,1,3,3,1,2,1,1,1,1,1,3,1,3,1,3,1,1,4,4,2,3
288,3,3,4,2,1,4,1,3,1,1,2,4,1,1,1,4,4,1,1,1,1,1,1,1,2,1,4,3,4,1,1,4,4,2,3
289,4,3,3,2,1,3,1,4,1,1,2,3,1,1,1,3,3,2,2,1,1,1,1,1,3,1,4,2,3,1,1,4,4,2,3
290,3,3,4,3,2,3,1,3,1,1,2,3,1,1,1,3,4,1,1,1,1,1,1,1,3,1,3,3,3,1,1,4,4,2,3
291,3,3,3,1,2,1,1,1,2,2,2,1,1,1,1,1,3,2,3,4,4,3,1,3,1,2,1,1,1,1,1,3,1,3,1
292,3,4,3,1,2,1,1,1,4,3,1,1,1,2,1,1,4,1,3,3,4,4,1,1,1,3,1,1,1,1,1,3,1,2,1
293,3,3,4,2,1,1,1,1,3,3,2,1,1,1,1,1,4,2,4,4,3,3,3,2,1,4,1,1,1,1,1,3,1,3,1
294,3,2,4,1,2,1,1,1,1,3,2,1,1,1,1,1,4,1,3,3,4,4,1,1,1,3,1,1,1,1,1,3,1,2,1
295,3,2,1,3,1,1,1,1,1,1,2,1,1,1,4,2,3,2,1,1,3,1,1,1,1,1,1,1,1,1,1,2,1,1,5
296,3,2,2,4,1,1,2,1,1,1,2,1,1,1,3,1,3,1,1,1,4,1,1,1,1,1,1,1,1,1,1,3,1,1,5
297,2,2,3,3,1,1,1,1,2,1,2,1,2,1,4,1,4,3,1,1,3,1,1,1,1,1,1,1,1,1,1,1,1,2,5
298,3,2,1,4,1,1,1,1,1,1,2,1,1,1,4,1,3,1,1,1,1,1,1,1,1,1,1,1,1,1,1,2,1,4,5
299,3,3,2,4,1,1,1,1,1,1,2,1,1,1,4,1,3,2,1,1,4,1,1,1,1,1,1,1,1,1,1,3,1,3,5
300,3,3,4,4,2,3,1,2,1,1,2,3,1,1,1,3,3,1,2,1,1,1,1,1,2,1,3,1,3,1,1,3,4,2,3
301,4,3,3,3,1,3,1,3,1,1,2,4,1,1,1,4,3,1,2,1,1,1,1,1,2,1,3,1,4,1,1,4,4,2,3
302,3,3,3,4,2,3,1,2,1,1,2,3,1,1,1,3,3,1,2,1,1,1,1,1,2,1,3,1,4,1,1,2,3,3,3
303,3,2,3,1,2,1,1,1,1,1,2,1,1,1,1,3,3,1,2,1,1,1,1,1,1,1,1,3,1,1,1,3,1,2,4
304,4,2,3,2,1,1,1,1,3,4,2,1,1,1,1,1,3,1,3,4,3,3,1,4,1,3,1,1,1,1,1,3,1,1,1
305,3,3,3,1,2,1,1,1,3,2,2,1,1,1,1,1,4,2,2,4,3,3,1,3,1,1,1,1,1,1,1,3,1,2,1
306,3,2,2,1,2,1,1,1,1,1,2,1,1,1,1,4,2,1,1,1,1,1,1,1,1,2,1,4,1,1,1,3,1,2,4
307,3,2,3,2,2,1,1,1,1,1,2,1,1,1,1,3,3,1,2,1,1,1,1,1,1,2,1,4,1,1,1,3,1,3,4
308,3,2,2,1,2,1,1,1,1,1,2,1,1,1,1,4,3,1,1,1,1,1,1,1,1,1,1,3,1,1,1,3,1,1,4
309,3,4,3,1,2,1,1,1,1,2,2,1,1,1,1,1,3,1,3,4,4,3,1,3,1,3,1,1,1,1,1,3,1,3,1
310,4,3,3,1,1,1,1,1,1,2,1,1,1,1,1,1,4,1,3,3,4,3,1,2,1,3,1,1,1,1,1,3,1,3,1
311,3,3,3,2,1,1,1,1,3,3,2,1,1,1,1,1,3,1,3,3,4,3,1,1,1,3,1,1,1,1,1,3,1,2,1
312,3,3,4,4,3,4,1,2,1,1,2,3,1,1,1,4,3,1,2,1,1,1,1,1,3,1,4,1,4,1,1,3,4,2,3
313,4,2,3,4,3,3,1,3,1,1,2,3,1,1,1,3,3,1,2,1,1,1,1,1,3,1,3,1,3,1,1,4,4,1,3
314,3,3,3,4,3,4,1,3,1,1,2,3,1,1,1,3,3,1,1,1,1,1,1,1,4,1,3,1,3,1,1,3,4,2,3
315,3,2,3,4,4,3,1,3,1,1,2,4,1,1,1,4,2,1,1,1,1,1,1,1,3,1,4,1,3,1,1,3,4,3,3
316,3,3,4,3,3,4,1,2,1,1,2,3,1,1,1,4,4,1,2,1,1,1,1,1,3,1,4,1,4,1,1,4,3,3,3
317,3,3,3,1,2,1,1,1,3,3,2,1,1,1,1,1,3,2,3,4,3,4,2,3,1,3,1,1,1,1,1,3,1,3,1
318,3,3,4,2,1,1,1,1,3,2,2,1,1,1,1,1,3,3,4,4,4,3,1,2,1,3,1,1,1,1,1,3,1,3,1
319,4,3,3,1,1,1,1,1,3,3,2,1,1,1,1,1,4,1,4,3,4,4,1,3,1,4,1,1,1,1,1,4,1,3,1
320,3,3,4,1,1,1,1,1,4,1,2,1,1,1,1,1,4,3,3,3,4,3,1,1,1,2,1,1,1,1,1,3,1,2,1
321,3,3,3,1,2,1,1,1,1,1,2,1,1,1,1,3,2,1,1,1,1,1,1,1,1,2,1,3,1,1,1,3,1,2,4
322,3,2,2,1,2,1,1,1,1,1,2,1,2,1,1,4,3,1,2,1,1,1,1,1,1,1,1,2,1,1,1,2,1,2,4
323,3,4,4,1,1,1,1,1,2,1,1,1,1,2,1,1,3,3,3,3,3,3,3,3,1,2,1,1,1,1,1,3,1,4,1
324,3,3,4,1,2,1,1,1,4,1,2,1,1,3,1,1,2,2,3,3,3,4,1,3,1,2,1,1,1,1,1,3,1,3,1
325,4,2,2,1,2,1,1,1,1,1,2,1,1,1,1,3,3,1,1,1,1,1,1,1,1,1,1,3,1,1,1,3,1,3,4
326,3,2,3,4,3,3,1,4,1,1,2,3,2,1,1,3,3,1,2,1,1,1,1,1,3,1,3,2,3,1,1,3,4,2,3
327,2,2,3,4,3,4,1,3,1,1,2,3,1,1,1,3,2,1,3,1,1,1,1,1,3,1,3,1,3,1,1,3,4,3,3
328,3,2,1,2,1,1,1,1,1,1,2,1,1,2,1,3,2,1,2,1,1,1,1,1,1,2,1,4,1,1,1,3,1,1,4
329,3,3,3,3,3,1,1,1,1,3,2,1,1,1,1,1,3,1,3,3,4,4,3,3,1,3,1,1,1,1,1,3,1,3,1
330,3,2,3,1,1,1,1,1,3,1,2,1,1,2,1,1,3,2,3,4,3,4,1,1,1,4,1,1,1,1,1,1,1,2,1
331,2,2,2,1,2,1,1,1,1,1,2,1,1,1,1,2,3,1,1,1,1,1,1,1,1,1,1,3,1,1,1,4,1,2,4
332,3,3,3,1,2,1,1,1,1,1,2,1,1,1,1,3,3,1,2,1,1,1,1,1,1,3,1,3,1,1,1,3,1,3,4
333,2,1,1,4,1,1,1,1,1,1,2,1,2,1,4,3,4,1,1,1,3,1,1,1,1,1,1,1,1,1,1,4,1,2,5
334,3,1,2,4,1,1,1,1,1,1,2,1,1,1,3,3,4,1,2,1,4,1,1,1,1,1,1,1,1,1,1,4,1,4,5
335,4,3,3,1,1,1,1,1,3,3,2,1,1,1,1,1,4,1,4,3,4,3,1,2,1,3,1,1,1,1,1,2,1,3,1
336,3,4,3,2,1,1,1,1,3,3,2,1,1,1,1,1,3,1,3,3,4,3,2,1,1,3,1,1,1,1,1,3,1,3,1
337,3,2,1,1,1,1,1,1,1,1,2,1,2,1,3,3,4,1,1,1,3,1,1,1,1,1,1,2,1,1,1,3,1,3,5
338,4,2,1,2,1,1,1,1,1,1,2,1,1,1,2,3,3,1,1,1,3,1,1,1,1,1,1,1,1,1,1,3,1,2,5
339,3,2,3,3,3,4,1,3,1,1,2,3,2,1,1,4,3,1,1,1,1,1,1,1,4,1,3,1,3,1,1,3,4,3,3
340,3,3,4,1,1,1,1,1,3,3,2,1,1,2,1,1,3,1,3,4,3,4,1,3,1,3,1,1,1,1,1,3,1,2,1
341,2,2,1,3,1,1,1,1,1,1,2,1,1,1,4,2,3,1,2,1,4,1,1,1,1,1,1,1,1,1,1,3,1,4,5
342,3,1,2,3,1,1,1,1,1,1,2,1,1,1,3,3,2,1,1,1,3,1,1,1,1,1,1,1,1,1,1,3,1,3,5
343,3,3,3,1,1,1,2,1,2,1,1,1,1,1,1,3,3,2,1,1,1,1,1,1,1,1,1,2,1,4,3,3,1,1,6
344,3,3,2,1,1,1,3,1,3,1,2,1,1,1,1,4,3,1,2,1,1,1,1,1,1,1,1,3,1,3,4,2,1,1,6
345,3,3,3,2,2,1,1,1,1,1,2,1,1,1,1,3,2,1,1,1,1,1,1,1,1,1,1,3,1,1,1,3,1,2,4
346,3,3,3,2,1,1,1,1,1,1,2,1,2,1,1,1,3,1,1,1,1,1,1,1,1,2,1,3,1,1,1,3,1,2,4
347,3,3,1,2,1,1,3,1,3,1,2,1,1,1,1,3,3,1,1,1,1,1,1,1,1,1,1,2,1,3,3,3,1,2,6
348,4,3,3,1,1,1,4,1,2,1,1,1,1,1,1,2,4,2,2,1,1,1,1,1,1,1,1,3,1,4,3,3,1,1,6
349,3,3,2,1,1,1,3,1,3,1,2,1,1,1,1,4,3,1,2,1,1,1,1,1,1,1,1,4,1,3,3,3,1,1,6
350,2,3,3,3,1,1,1,1,3,3,2,1,1,2,1,1,3,2,4,4,4,3,1,3,1,3,1,1,1,1,1,3,1,2,1
351,3,3,3,4,3,1,1,1,3,4,1,1,1,2,1,1,3,3,3,3,3,3,1,3,1,4,1,1,1,1,1,3,1,1,1
352,4,3,3,4,3,1,1,1,3,4,2,1,1,1,1,1,4,1,3,3,4,3,1,4,1,3,1,1,1,1,1,2,1,3,1
353,2,2,2,3,1,1,1,1,1,1,2,1,1,1,4,3,3,1,1,1,3,1,1,1,1,1,1,2,1,1,1,3,1,3,5
354,3,1,2,3,1,1,1,1,1,1,2,1,1,1,4,2,3,1,1,1,3,1,1,1,1,1,1,1,1,1,1,3,1,3,5
355,3,4,3,4,3,1,1,1,4,3,2,1,1,2,1,1,4,3,4,3,3,3,1,4,1,4,1,1,1,1,1,1,1,2,1
356,3,3,3,3,3,1,1,1,4,1,1,1,1,1,1,1,3,3,3,3,4,4,1,3,1,4,1,1,1,1,1,1,1,4,1
357,3,3,3,1,2,1,1,1,1,2,2,1,1,2,1,1,3,1,3,4,3,4,3,2,1,2,1,1,1,1,1,3,1,3,1
358,3,4,3,2,1,1,1,1,3,3,2,1,1,2,1,1,3,1,3,3,3,3,1,3,1,3,1,1,1,1,1,4,1,2,1
359,3,3,1,1,1,1,1,1,1,1,2,1,2,1,1,4,3,1,1,1,1,1,1,1,1,1,1,3,1,1,1,2,1,2,2
360,3,3,2,2,1,1,1,1,1,1,2,1,2,2,1,3,3,2,1,1,1,1,1,1,1,1,1,4,1,1,1,2,1,2,2
361,3,2,2,1,2,1,1,1,1,1,2,1,1,2,1,2,2,1,1,1,1,1,1,1,1,1,1,2,1,1,1,3,1,2,4
362,4,3,2,1,2,1,1,1,1,1,2,1,1,1,1,3,3,1,1,1,1,1,1,1,1,2,1,2,1,1,1,3,1,2,4
363,4,3,3,3,4,3,1,3,1,1,2,3,3,1,1,4,4,1,1,1,1,1,1,1,4,1,4,1,4,1,1,3,4,2,3
364,3,2,4,2,3,4,1,3,1,1,2,3,1,1,1,4,3,1,1,1,1,1,1,1,4,1,3,1,2,1,1,3,4,3,3
365,4,3,3,1,1,1,1,1,4,4,2,1,1,2,1,1,3,1,3,4,3,4,1,3,1,3,1,1,1,1,1,4,1,2,1
